ID,post_name,post_parent
13743,douglashout-tuintafel-met-u-poten,0
13739,douglashout-tuintafel-met-trapezium-poten,0
13732,douglashout-tuintafel-met-smalle-u-poten,0
13727,douglashout-tuintafel-met-smalle-matrixpoot,0
13722,douglashout-tuintafel-met-matrixpoot-2,0
13718,douglashout-tuintafel-met-diamant-x-poten,0
13713,douglashout-tuintafel-met-a-poten-zonder-ligger,0
13693,douglashout-tuintafel-met-a-poten,0
13687,douglashout-loungestoel-fabro,0
13686,douglashout-loungebank-varco,0
13685,douglashout-loungebank-labaro,0
13675,douglashout-loungeset-terni,0
13665,steigerhouten-tafel-frame-onderstel,0
13662,steigerhouten-tafel-hairpin,0
13655,steigerhouten-tafel-blok-door-blad,0
13645,steigerhouten-tafel-blok,0
13639,steigerhout-tafel-vierkant-blokpoten,0
13629,douglashout-bartafel-met-baronderstel,0
13608,steigerhouten-loungestoel-bilor,0
13604,steigerhout-bank-picknick,0
13599,steigerhout-krukje,0
13596,steigerhout-bank-noto,0
13593,steigerhout-bank-design,0
13571,douglashout-tuintafel-deluxe,0
13569,douglashout-tuintafel-met-x-poten,0
13564,douglashout-picknickset-x-onderstel,0
13563,douglashout-tuintafel-met-matrixpoot,0
13545,steigerhouten-loungeset-zwevend-model,0
13539,steigerhout-loungebank-zwevende-chaise-lounge,0
13492,steigerhouten-hoekbank-tomar-zwevend,0
13486,steigerhouten-hoekbank-luna-zwevend,0
13460,douglashout-loungebank-basic-xxl,0
13459,douglashout-loungeset-open,0
13458,douglashout-loungeset-noto-kopie,0
13457,douglashout-loungebank-noto,0
13456,douglashout-loungestoel-basic,0
13455,douglashout-loungebank-basic,0
13454,douglashout-loungeset-fano,0
13453,douglashout-loungeset-torrita,0
13452,douglashout-loungeset-bilor,0
13451,douglashout-loungeset-anzio,0
13445,douglashout-tuinset-maxi,0
13444,douglashout-tuinset-novi,0
13443,douglashout-tuinset-alba,0
13442,douglashout-picknickset-blok,0
13441,douglashout-tuinset-blok,0
13440,douglashout-tuinset-deluxe,0
13439,douglashout-tuinset-picknick,0
13438,douglashout-picknickset-kruk,0
13420,douglashout-hoekbank-torino,0
13419,douglashout-hoekbank-marena,0
13418,douglashout-loungeset-apiro,0
13417,douglashout-hoekbank-u-model,0
13416,douglashout-hoekbank-pisa,0
13415,douglashout-hoekbank-noto,0
13414,douglashout-hoekbank-chaise-lounge,0
13413,douglashout-hoekbank-varzi,0
13412,douglashout-hoekbank-tomar,0
13411,douglashout-hoekbank-design,0
13410,douglashout-hoekbank-avola,0
13409,douglashout-hoekbank-open,0
13408,douglashout-hoekbank-dining,0
13407,douglashout-hoekbank-luna,0
13393,douglashout-hoekbank-basic,0
13381,eiken-boomstam-tafel-eiken-onderstel,0
13380,steigerhouten-statafel,0
13379,steigerhout-sidetable-design,0
13378,eiken-ronde-tafel-met-vlinder-onderstel,0
13377,steigerhouten-barset-blok,0
13376,eiken-boomstam-tafel-matrix-rond-onderstel,0
13375,eiken-plat-ovale-tafel-met-matrix-onderstel,0
13374,steigerhouten-bureau-u-model-2,0
13369,steigerhouten-bureau-blok,0
13368,steigerhouten-salontafel-norm,0
13367,steigerhouten-tafel-deluxe,0
13366,steigerhouten-tuintafel-deluxe,0
13365,eiken-ovale-tafel-met-v-poot-ovale-plaat,0
13364,eiken-deens-ovale-tafel-met-smalle-matrixpoot,0
13363,eiken-deens-ovale-tafel-met-eiken-matrixpoot,0
13362,eiken-deens-ovale-tafel-matrixpoot-rond,0
13361,eiken-deens-ovale-tafel-matrixpoot-k5,0
13360,eiken-deens-ovale-tafel-met-matrixpoot,0
13359,eiken-deens-ovale-tafel-schuine-poten,0
13358,eiken-boomstam-tafel-o-ovaal-onderstel-2,0
13357,eiken-boomstam-tafel-o-ovaal-onderstel,0
13355,steigerhout-sidetable-blok,0
13354,eiken-boomstam-tafel-vlinder-onderstel,0
13353,eiken-boomstam-tafel-x-vlinder-onderstel,0
13352,eiken-deens-ovale-tafel-o-ovaal-onderstel,0
13351,steigerhouten-salontafel-blok,0
13350,eiken-deens-ovale-tafel-libelle-onderstel,0
13349,eiken-ovale-tafel-met-libelle-onderstel,0
13348,eiken-deens-ovale-tafel-twist-k4-onderstel,0
13343,steigerhout-loveseat-2,0
13342,steigerhouten-inklapbare-statafel,0
13341,eiken-deens-ovale-tafel-kik-hoge-knik-poten,0
13340,eiken-deens-ovale-tafel-kik-poten,0
13339,steigerhouten-barset-design,0
13338,steigerhouten-barkruk,0
13337,steigerhouten-barkruk-2,0
13336,eiken-deens-ovale-tafel-dubbele-l-poten,0
13335,eiken-ovale-tafel-met-dubbele-l-poten,0
13334,2-persoons-ligbed,0
13333,1-persoons-ligbed,0
13332,eiken-ronde-tafel-met-twist-onderstel,0
13331,steigerhout-plantenbakken,0
13330,steigerhouten-tafel-x-poot,0
13329,steigerhouten-tuintafel-blok,0
13328,steigerhouten-loungeset-anzio,0
13327,steigerhouten-loungeset-bilor,0
13326,steigerhouten-loungeset-torrita,0
13325,steigerhouten-loungeset-fano,0
13324,steigerhout-loungebank-basic,0
13323,steigerhout-loungestoel-basic,0
13322,steigerhout-loungebank-noto,0
13321,steigerhouten-loungeset-noto,0
13320,steigerhouten-loungeset-open,0
13319,steigerhout-loungebank-basic-xxl,0
13318,steigerhouten-picknickset-kruk,0
13317,steigerhouten-tuinset-picknick-1,0
13316,tuinset-deluxe-8-persoons,0
13315,tuinset-deluxe-6-persoons,0
13314,tuinset-deluxe-4-persoons,0
13313,steigerhouten-tuinset-blok,0
13312,steigerhouten-picknickset-blok,0
13311,steigerhouten-tuinset-alba,0
13310,steigerhouten-tuinset-novi,0
13309,steigerhouten-tuinset-maxi,0
13308,steigerhouten-hoekbank-basic,0
13307,steigerhouten-hoekbank-luna,0
13306,steigerhouten-hoekbank-dining,0
13305,steigerhouten-hoekbank-open,0
13304,steigerhouten-hoekbank-avola,0
13303,steigerhouten-hoekbank-design,0
13302,steigerhouten-hoekbank-tomar,0
13301,steigerhouten-hoekbank-varzi,0
13300,steigerhouten-hoekbank-chaise-lounge,0
13299,steigerhouten-hoekbank-noto,0
13298,steigerhouten-hoekbank-pisa,0
13297,steigerhouten-hoekbank-u-model-2,0
13294,steigerhouten-loungeset-apiro,0
13293,steigerhouten-hoekbank-marena,0
13292,steigerhouten-hoekbank-torino,0
13206,eiken-ovale-tafel-met-scissor-poten,0
13203,eiken-ovale-tafel-met-schuine-poten,0
13199,eiken-ovale-tafel-met-plus-frame,0
13193,eiken-ovale-tafel-met-sandi-onderstel,0
13191,eiken-ovale-tafel-met-ostrix-onderstel,0
13188,eiken-ovale-tafel-met-o-ovaal-onderstel,0
13185,eiken-ovale-tafel-met-octo-onderstel,0
13182,eiken-ovale-tafel-met-matrixpoot-k5,0
13179,eiken-ovale-tafel-met-matrixpoot-ronde-buis,0
13176,eiken-ovale-tafel-met-matrix-k-onderstel,0
13170,eiken-ovale-tafel-met-lage-x-poten,0
13167,eiken-ovale-tafel-met-kik-poten,0
13164,eiken-ovale-tafel-met-kik-hoge-knik-poten,0
13161,eiken-ovale-tafel-met-flower-onderstel,0
13154,eiken-deens-ovale-tafel-x-vlinder-onderstel,0
13151,eiken-deens-ovale-tafel-met-v-poot,0
13148,eiken-deens-ovale-tafel-vlinder-onderstel,0
13141,eiken-deens-ovale-tafel-ster-onderstel,0
13136,eiken-deens-ovale-tafel-spider-onderstel,0
13132,eiken-deens-ovale-tafel-scissor-poten,0
13126,eiken-deens-ovale-tafel-plus-frame,0
13120,eiken-deens-ovale-tafel-octo-onderstel,0
13106,eiken-deens-ovale-tafel-matrix-k-onderstel,0
13100,eiken-deens-ovale-tafel-lage-x-poten,0
13091,eiken-deens-ovale-tafel-flower-onderstel,0
13085,eiken-deens-ovale-tafel-v-ovaal-onderstel,0
13082,eiken-deens-ovale-tafel-met-twist-k8-onderstel,0
13079,eiken-deens-ovale-tafel-met-otrix-onderstel,0
13076,eiken-deens-ovale-tafel-met-sandi-onderstel,0
13053,eiken-boomstam-tafel-v-poot,0
13046,eiken-boomstam-tafel-twist-k4-onderstel,0
13043,eiken-boomstam-tafel-ster-onderstel,0
13037,eiken-boomstam-tafel-spider-onderstel,0
13034,eiken-boomstam-tafel-smalle-matrixpoot,0
13031,eiken-boomstam-tafel-scissor-poten,0
13028,eiken-boomstam-tafel-schuine-poten,0
13025,eiken-boomstam-tafel-plus-frame,0
13019,eiken-boomstam-tafel-octo-onderstel,0
13016,eiken-boomstam-tafel-matrixpoot,0
13012,eiken-boomstam-tafel-matrixpoot-k5,0
13006,eiken-boomstam-tafel-matrix-k-onderstel,0
13003,eiken-boomstam-tafel-libelle-onderstel,0
13000,eiken-boomstam-tafel-lage-x-poten,0
12997,eiken-boomstam-tafel-kik-poten,0
12992,eiken-boomstam-tafel-kik-hoge-knik-poten,0
12989,eiken-boomstam-tafel-eiken-x-poten,0
12986,eiken-boomstam-tafel-dubbele-u-onderstel,0
12983,eiken-boomstam-tafel-dubbele-l-poten,0
12976,eiken-boomstam-tafel-sandi-onderstel,0
12966,eiken-boomstam-tafel-industrieel-onderstel,0
12877,steigerhouten-balie-original,0
12876,steigerhouten-balie-blok,0
12868,steigerhouten-balie,0
12591,eiken-tafel-met-matrix-onderstel-2-2-2,0
12588,eiken-tafel-met-matrix-onderstel-2-2,0
12585,eiken-tafel-met-matrix-onderstel-2,0
12579,eiken-ronde-tafel-met-vv-3-poot,0
12572,eiken-ronde-tafel-met-dubbele-u-onderstel,0
12561,eiken-ronde-tafel-met-o-poot,0
12481,eiken-ronde-tafel-met-matrix-onderstel,0
12471,eiken-deens-ovale-tafel-met-matrix-onderstel-2,0
12466,eiken-ovale-tafel-met-matrix-onderstel,0
12461,eiken-tafel-afgeronde-hoeken-met-matrix-onderstel,0
12451,eiken-tafel-met-matrix-onderstel,0
10959,steigerhouten-salontafel-tosh,0
10958,steigerhouten-salontafel-deluxe,0
10954,steigerhouten-salontafel-lori,0
10952,steigerhouten-salontafel-arab,0
10728,steigerhouten-barset-kolom,0
10711,steigerhouten-tuintafel-vierkant,0
10710,steigerhouten-tafel-u-model-2,0
10628,steigerhouten-tafel-trapezium,0
10627,steigerhouten-tafel-u-poot,0
10625,steigerhouten-tafel-v-poot,0
6695,sidetable-u,0
6619,steigerhouten-barset-rug,0
2391,steigerhouten-tafel-vierkant,0
2387,steigerhouten-tafel-u-model,0
1813,steigerhouten-tafel-blok-2,0
1696,sidetable-u-model,0
1400,steigerhouten-salontafel-design,0
